{
  "schemaVersion": 1,
  "id": "carpet-school",
  "version": "${version}",
  "name": "Carpet School",
  "description": "Minecraft Lessons with Carpet",
  "authors": [
    "BisUmTo"
  ],
  "contact": {
    "homepage": "https://github.com/BisUmTo/carpet-school",
    "issues": "https://github.com/BisUmTo/carpet-school/issues",
    "sources": "https://github.com/BisUmTo/carpet-school"
  },
  "license": "GNU-3.0",
  "icon": "assets/carpet-school/icon.png",
  "environment": "*",
  "entrypoints": {
    "main": [
      "it.bisumto.carpetschool.CarpetSchool"
    ]
  },
  "mixins": [
    "carpet-school.mixins.json"
  ],
  "depends": {
    "minecraft": "1.17.x",
    "fabricloader": ">=0.11.3",
    "java": ">=16",
    "carpet": ">=1.4.45"
  },
  "suggests": {
    "flamingo": "*"
  }
}